,CR,AF,SU,RF,EC,SR,ADP,RCP,GI,ADW,CO,DI,RCW,WA,OQ,CQ,FA,FI,ST
CR,16,13,5,5,2,1,0,0,0,0,0,0,0,0,0,0,0,0,0
AF,0,26,2,0,0,0,0,0,0,0,0,0,0,0,0,0,0,2,0
SU,3,4,31,0,1,0,0,0,0,0,0,0,0,0,0,0,0,0,0
RF,0,0,0,1,0,0,0,0,0,0,0,0,0,0,0,0,0,0,0
EC,2,1,6,0,15,0,0,0,1,0,0,0,0,0,0,2,3,2,7
SR,53,17,9,6,8,30,0,0,0,0,0,0,0,0,1,9,0,0,1
ADP,0,1,0,4,7,1,0,0,14,0,0,4,0,0,1,2,0,8,0
RCP,0,0,0,0,0,0,0,0,0,0,0,0,0,0,0,0,0,0,0
GI,0,0,1,0,6,0,0,0,6,0,0,0,0,0,0,0,3,8,0
ADW,0,0,0,0,0,0,0,0,0,0,0,0,0,0,0,0,0,0,0
CO,0,0,0,0,0,0,0,0,0,0,0,0,0,0,0,0,0,0,0
DI,0,0,0,0,0,0,0,0,0,0,0,0,1,0,0,0,0,0,1
RCW,0,0,0,0,0,0,0,0,0,0,0,0,0,0,0,0,0,0,0
WA,0,0,0,0,0,0,0,0,0,0,0,0,0,0,0,0,0,0,0
OQ,2,0,0,0,0,0,0,0,0,0,0,0,0,0,72,5,0,0,0
CQ,0,0,0,0,2,0,0,0,0,0,0,0,0,0,10,60,0,0,3
FA,0,1,0,0,0,0,0,0,0,0,0,0,0,0,0,0,3,0,0
FI,1,8,5,2,0,0,0,0,0,0,0,0,0,0,0,0,4,32,4
ST,0,0,0,0,1,0,0,0,0,0,0,1,0,0,0,0,0,0,11
