,precision,recall,f1-score,support
TS-,0.0,0.0,0.0,0.0
AC-,0.0,0.0,0.0,1.0
C-,0.0,0.0,0.0,0.0
N-,0.6666666666666666,1.0,0.8,2.0
R-,0.75,0.48,0.5853658536585366,25.0
AB-,0.8333333333333334,0.5,0.625,10.0
D-,0.5,0.6,0.5454545454545454,5.0
O-,0.0,0.0,0.0,0.0
N,0.8490566037735849,0.72,0.7792207792207793,125.0
O+,0.13636363636363635,0.3,0.1875,10.0
D+,0.5454545454545454,0.6666666666666666,0.6,9.0
AB+,0.0,0.0,0.0,3.0
R+,0.7741935483870968,0.75,0.7619047619047619,32.0
N+,0.0,0.0,0.0,0.0
C+,0.75,0.5,0.6,6.0
AC+,0.34615384615384615,0.8181818181818182,0.4864864864864865,11.0
TS+,0.5,0.5,0.5,2.0
accuracy,0.6556016597510373,0.6556016597510373,0.6556016597510373,0.6556016597510373
macro avg,0.3912483635372182,0.4020499108734403,0.38064308392500645,241.0
weighted avg,0.7361135073326616,0.6556016597510373,0.681416266405134,241.0
