,TS-,AC-,C-,N-,R-,AB-,D-,O-,N,O+,D+,AB+,R+,N+,C+,AC+,TS+
TS-,0,0,0,0,0,0,0,0,0,0,0,0,0,0,0,0,0
AC-,0,0,0,0,0,0,0,0,1,0,0,0,0,0,0,0,0
C-,0,0,0,0,0,0,0,0,0,0,0,0,0,0,0,0,0
N-,0,0,0,2,0,0,0,0,0,0,0,0,0,0,0,0,0
R-,1,0,0,0,12,0,2,1,7,2,0,0,0,0,0,0,0
AB-,0,1,0,0,1,5,0,0,2,1,0,0,0,0,0,0,0
D-,0,0,0,1,0,0,3,0,0,1,0,0,0,0,0,0,0
O-,0,0,0,0,0,0,0,0,0,0,0,0,0,0,0,0,0
N,0,2,0,0,3,1,1,1,90,9,1,0,6,0,0,11,0
O+,0,0,0,0,0,0,0,0,2,3,2,0,0,0,0,3,0
D+,0,0,0,0,0,0,0,0,0,2,6,0,1,0,0,0,0
AB+,0,0,0,0,0,0,0,0,0,0,0,0,0,0,0,3,0
R+,0,0,0,0,0,0,0,1,4,3,0,0,24,0,0,0,0
N+,0,0,0,0,0,0,0,0,0,0,0,0,0,0,0,0,0
C+,0,0,0,0,0,0,0,0,0,1,1,0,0,0,3,0,1
AC+,0,0,0,0,0,0,0,0,0,0,0,0,0,1,1,9,0
TS+,0,0,0,0,0,0,0,0,0,0,1,0,0,0,0,0,1
